{
  "project_info": {
    "project_number": "438207251987",
    "project_id": "morpionlb",
    "storage_bucket": "morpionlb.appspot.com"
  },
  "client": [
    {
      "client_info": {
        "mobilesdk_app_id": "1:438207251987:android:6647bbcba9bf6f067e61e6",
        "android_client_info": {
          "package_name": "com.example.morpionlb"
        }
      },
      "oauth_client": [
        {
          "client_id": "438207251987-b45sdn748i860ormsu8dh9jlkptpe6dd.apps.googleusercontent.com",
          "client_type": 3
        }
      ],
      "api_key": [
        {
          "current_key": "AIzaSyD1tP-JQ5fH8I7gc9OXp38_H-LTd7fT9MI"
        }
      ],
      "services": {
        "appinvite_service": {
          "other_platform_oauth_client": [
            {
              "client_id": "438207251987-b45sdn748i860ormsu8dh9jlkptpe6dd.apps.googleusercontent.com",
              "client_type": 3
            }
          ]
        }
      }
    }
  ],
  "configuration_version": "1"
}